1,Smithmouth,619,71,30
2,West Marthafurt,664,83,12
3,North Kirsten,976,90,31
4,North Jason,463,208,29
5,Riveratown,774,139,22
6,Julieberg,737,204,23
7,Nelsonborough,559,91,28
8,West Kylie,908,229,38
9,Aaronshire,230,102,4
10,East Melvin,765,135,13
11,Karentown,355,70,36
12,Lake Colleen,414,213,1
13,Morriston,404,219,14
14,Lake Carlosborough,204,229,44
15,North Michaelfort,928,210,25
16,South Joshua,443,71,48
17,Christinafort,882,200,43
18,East Michaelberg,928,143,23
19,Amybury,381,122,21
20,Lake Mark,406,199,0
21,Markbury,624,220,47
22,Briannahaven,860,186,5
23,Luceroberg,740,139,3
24,Gonzalezville,163,199,25
25,Jonesfort,375,101,15
26,Tracyfurt,249,235,36
27,South Michele,711,127,15
28,Kathrynshire,734,79,19
29,Lake Richardside,182,156,20
30,West Michael,374,79,23
31,New Eileenberg,654,208,3
32,Brownhaven,100,122,1
33,Charlesview,248,94,13
34,Perkinsville,740,115,9
35,South Maria,996,94,19
36,West Ralphshire,387,105,42
37,Howemouth,828,240,3
38,Lake Nicholas,783,119,2
39,Port Bianca,407,93,2
40,Santiagoburgh,583,124,47
41,South Stephanieburgh,489,152,24
42,East Makayla,306,145,37
43,West Loriview,438,169,5
44,North Alexandramouth,924,124,20
45,Brooksbury,433,196,4
46,Andersonton,368,95,21
47,North Christina,733,99,49
48,Huynhberg,119,116,5
49,Suarezchester,331,120,50
50,South Robertfurt,733,236,1
51,Lake Teresaborough,601,73,24
52,West Jamiefurt,606,209,37
53,Port Kylehaven,931,184,12
54,Kellyfort,257,120,29
55,West Kerrybury,865,111,7
56,Nelsonhaven,146,119,48
57,Summerburgh,514,125,22
58,Katherineberg,544,94,21
59,West Rachael,254,134,41
60,Sallyberg,708,164,13
61,Lake Kenneth,682,214,35
62,Daltonfort,870,205,3
63,Lake Michelle,930,87,31
64,South Kevinshire,290,137,47
65,New Josephfurt,850,204,30
66,East Shane,898,99,19
67,South Frank,996,76,18
68,Wilsonhaven,396,174,50
69,Rushfort,770,205,27
70,Coreystad,552,73,9
71,South Suzanne,820,154,28
72,East Bobbyburgh,931,139,21
73,West Paulaborough,515,210,26
74,North Kelsey,739,137,39
75,Rodriguezborough,662,100,50
76,Lake Michaelview,676,185,50
77,Phillipland,277,188,30
78,North Arielville,415,90,25
79,New Amandaborough,138,141,33
80,South Pamela,293,148,39
81,South Willie,921,235,30
82,North Patriciabury,450,196,9
83,Frenchtown,854,190,36
84,Lake Daleberg,614,234,12
85,East Megan,891,238,5
86,Andrewstad,572,164,20
87,Port Katherine,581,197,11
88,South Jameston,111,123,41
89,Port Michellechester,804,144,4
90,Parrishhaven,804,195,36
91,South Susanchester,311,118,2
92,Shannonland,806,223,6
93,Lake Michaelshire,454,158,3
94,West Sarahstad,863,193,24
95,South Frank,438,71,0
96,Leslieton,389,237,29
97,Paulfort,984,112,5
98,Clarkside,127,87,49
99,Adriennestad,304,79,13
100,East Nancy,363,230,29
101,Port Lisa,312,94,40
102,Ericamouth,164,239,2
103,New Natasha,230,99,20
104,Amberborough,493,155,7
105,East Joshua,415,228,43
106,Port Christopherchester,552,185,29
107,North Tammystad,689,180,38
108,Lopezville,782,193,26
109,Michaelfurt,673,72,22
110,Davidland,349,144,5
111,Nicoleland,206,118,43
112,Victoriaborough,349,223,12
113,Harrisland,565,161,30
114,South Laura,947,178,9
115,Lake Markborough,202,124,15
116,South Rachelstad,448,185,45
117,East Heidiside,624,94,35
118,Lake Jasonland,607,72,7
119,Danielburgh,781,107,6
120,Tracymouth,171,122,49
121,Port Joshuamouth,167,238,7
122,Lake Josephtown,269,232,23
123,Brianstad,911,153,41
124,Shahland,294,125,39
125,Lake Chrisville,558,118,22
126,South Christopherfurt,365,224,31
127,Port Stephaniefurt,989,135,36
128,Lake Gail,236,184,31
129,Sylviaburgh,513,155,47
130,New Brendastad,701,151,0
131,Davidfurt,776,189,10
132,South Stevenfurt,520,207,34
133,Robertastad,960,89,16
134,East Sonyamouth,172,226,49
135,Randallport,937,194,33
136,New Hannah,912,158,25
137,Marcstad,865,204,32
138,Mullenstad,232,219,20
139,Port Diana,625,199,36
140,Floresbury,342,195,48
141,Navarroborough,360,104,28
142,Randyborough,950,112,20
143,Carlsonfort,615,179,35
144,East Crystalville,302,89,46
145,Andrewmouth,999,204,9
146,Joshuafort,863,109,35
147,North Brandonside,402,204,10
148,Campbellstad,442,192,46
149,East Stevenbury,346,147,45
150,West Jessicamouth,395,122,18
151,Wadefurt,621,118,22
152,South Matthewfort,328,187,30
153,South Brendanfurt,257,166,16
154,Gabrielborough,836,159,30
155,Joelborough,487,111,26
156,Cohenview,697,182,11
157,Lake Brittany,873,79,34
158,North Justin,976,129,20
159,South Shawn,142,208,6
160,Davidstad,101,171,5
161,Jameston,211,122,31
162,East Wendystad,399,112,41
163,East Jonathanview,981,228,39
164,Schroederhaven,889,189,2
165,West Sandraview,353,165,9
166,Jessicaville,295,138,47
167,Kellerborough,564,201,45
168,West Melissa,288,70,31
169,Brittanyland,851,178,32
170,Port Antonioburgh,307,139,8
171,Staffordland,878,233,44
172,Port Andrewton,656,209,50
173,Lake Scottport,112,81,47
174,Michaelland,395,187,16
175,West Ronaldchester,434,84,8
176,Erikamouth,438,171,26
177,Lake Robertborough,749,235,2
178,Eugeneview,925,221,13
179,Port Dominicborough,152,232,14
180,South Joseph,341,116,36
181,Jessicaville,800,81,13
182,West Erin,308,238,37
183,West Brittneybury,181,119,30
184,West Leroymouth,113,107,18
185,New Valerie,160,90,47
186,Lauriefort,715,191,29
187,Sarahstad,705,201,8
188,Kevinhaven,908,223,16
189,North Sabrinachester,214,193,35
190,Timville,423,191,12
191,Nelsonberg,679,112,5
192,Duncanmouth,292,234,29
193,Pottertown,208,137,4
194,South Seth,313,125,21
195,Dillonport,437,143,18
196,Nathanberg,391,88,6
197,East Melissafort,189,133,45
198,Bettyfort,649,210,33
199,Garciafort,556,185,7
200,Nancytown,304,211,23
201,East Jonathanfurt,932,124,13
202,Lake Kevinville,711,114,2
203,Charlesburgh,684,116,35
204,Christineside,916,80,49
205,Michelleton,372,234,48
206,South Katieton,410,234,37
207,West Marychester,127,190,38
208,North Whitneyside,547,129,9
209,West Michael,469,94,31
210,Erinview,407,99,32
211,East George,746,80,38
212,Sarahburgh,431,159,37
213,West Edward,206,152,10
214,North Markborough,719,158,0
215,North Alexander,648,189,21
216,Melissafurt,613,235,14
217,South Jamesfort,399,217,32
218,East Ryan,362,163,4
219,Lake Scotttown,433,85,21
220,South Lawrence,370,110,48
221,Laurenborough,348,76,15
222,West Anthonyside,701,222,39
223,West Cynthiashire,735,235,41
224,Port Alicia,532,99,9
225,North Dawnberg,407,231,14
226,Victoriamouth,970,132,6
227,Derrickview,447,161,30
228,Brandonland,818,113,5
229,Port William,855,111,11
230,Lake Timothyfurt,885,110,0
231,West Mary,891,108,41
232,South Pamela,390,161,2
233,Alexanderfurt,260,177,28
234,Anthonystad,207,173,27
235,Bellville,653,124,25
236,Nancystad,506,111,30
237,Jordanmouth,469,155,30
238,East Edward,276,198,50
239,Arthurtown,142,104,35
240,Englishberg,452,211,45
241,Matthewborough,617,89,16
242,Lake Corey,494,81,36
243,New Amandaport,186,161,46
244,Mitchellborough,665,177,22
245,West Sandy,114,162,18
246,North Robert,375,149,11
247,Williamburgh,545,187,47
248,East Randy,479,224,20
249,North Christopher,552,207,34
250,East Devinside,341,144,46
251,New Jonathanmouth,229,83,23
252,Lake Nathaniel,643,152,37
253,Port Christyville,347,178,15
254,Richardsonmouth,475,230,18
255,South Lisa,704,184,9
256,New Jenniferview,168,87,6
257,Lake Michelle,105,167,38
258,North Seanburgh,860,128,32
259,Carmentown,283,239,4
260,Trevinoport,284,232,11
261,Robertmouth,445,183,9
262,East Sarah,885,165,15
263,Michaelmouth,884,73,26
264,Johnfort,357,124,13
265,West Thomas,716,71,20
266,Bennettmouth,766,223,4
267,East Jasontown,958,197,22
268,Murphyshire,313,72,26
269,Benjaminland,484,138,29
270,Lake Sherry,147,210,5
271,East Jessica,527,107,17
272,Castroborough,870,154,36
273,Nelsonburgh,462,84,20
274,Carterton,586,179,19
275,Annetteland,211,216,25
276,West Christopherfort,484,142,36
277,Nicholasberg,962,210,7
278,West Robinview,404,163,19
279,Donnatown,455,154,5
280,Lake Thomastown,849,162,31
281,Calvinburgh,985,188,22
282,Fergusonhaven,683,103,40
283,North Joe,530,147,42
284,Hannahberg,151,72,1
285,Lake Kennethport,294,86,9
286,Lake Michaelhaven,988,178,37
287,Whiteberg,436,133,26
288,South Pamville,517,89,34
289,East Caitlyn,924,100,21
290,Lake Johnfort,295,183,48
291,Bakerbury,812,233,39
292,Dannytown,977,208,25
293,Toddberg,981,131,19
294,East Marissaton,952,232,3
295,Loweview,701,77,5
296,Port Veronicaview,100,103,8
297,Rodriguezfurt,858,139,2
298,Lake Christinafort,693,100,50
299,Karenhaven,270,104,24
300,South Traceyland,169,82,34
301,Marshallburgh,654,75,14
302,West Amy,812,181,41
303,New David,756,158,32
304,Brownhaven,246,198,18
305,Alexanderberg,139,240,21
306,Port James,690,73,25
307,Lake Codyport,974,192,30
308,Normanfort,902,77,14
309,Barkerfurt,687,117,39
310,Jessebury,935,204,26
311,West Marktown,353,169,38
312,Gonzalesville,427,113,34
313,South Dominicborough,900,104,45
314,Woodfurt,191,232,27
315,Sanderston,516,145,42
316,Christophershire,927,193,48
317,Lake Matthewbury,537,232,21
318,North Mariamouth,742,76,3
319,Jessicaland,851,177,0
320,Danielleshire,724,70,12
321,Travismouth,619,196,49
322,Clementsburgh,240,198,7
323,North Dylanborough,609,188,9
324,Heatherfurt,113,183,50
325,Christopherstad,874,223,3
326,Miafort,578,104,19
327,Hooverburgh,575,167,15
328,Aaronside,723,171,16
329,East Renee,665,161,41
330,Maryview,400,176,43
331,South Daniellebury,666,163,13
332,Kyleborough,873,127,45
333,Rossside,635,89,47
334,Keithmouth,437,169,7
335,Howellfurt,861,149,38
336,Port Michael,260,112,5
337,Ericstad,540,106,39
338,Hardytown,254,146,20
339,South Elizabethshire,194,148,38
340,Johnview,173,115,33
341,West Daniel,500,101,50
342,East Michaelport,977,222,42
343,West Jordan,726,72,16
344,West Robertchester,636,151,47
345,Matthewburgh,615,199,9
346,Piercestad,338,173,13
347,Bradybury,899,223,40
348,East Richardville,505,131,19
349,North Melissa,435,109,2
350,Paulmouth,291,82,47
351,Howardshire,491,133,17
352,Keithshire,255,114,6
353,Perezbury,670,108,13
354,Kington,364,212,4
355,New Emily,395,215,17
356,Maryside,758,219,21
357,Cindybury,424,122,45
358,Belindafort,808,149,9
359,New Jennifer,208,192,42
360,Anthonyshire,340,181,42
361,Bridgetborough,972,185,0
362,Port Carriefort,596,122,37
363,North Michelle,397,79,39
364,Lake Nicoleview,562,219,22
365,South Thomasview,152,143,0
366,Haleyhaven,922,139,39
367,Lake Jameshaven,207,103,43
368,East Amanda,489,204,48
369,New Jameston,618,91,9
370,Pamelaside,376,209,34
371,East Hollyshire,902,88,16
372,Turnermouth,366,205,2
373,South Jeremybury,982,104,33
374,Michaelside,796,129,0
375,Claytontown,944,180,32
376,Espinozastad,680,174,47
377,North Patricia,226,119,22
378,Mcdonaldland,388,214,10
379,North Michael,109,103,15
380,Michaelville,124,190,50
381,Faithfort,318,205,16
382,Lanceville,898,76,21
383,New Matthew,911,116,1
384,North Bobview,719,226,5
385,Mendezborough,187,73,14
386,South Elizabethview,713,113,15
387,South Jennifer,707,176,26
388,Powerschester,248,70,36
389,West Tiffany,817,104,34
390,Martinezshire,444,213,11
391,East Allison,126,107,43
392,West Jennifer,549,129,16
393,New Luis,512,120,30
394,North Kimberly,107,140,28
395,Shannonshire,262,199,41
396,Port Marissaside,165,88,26
397,Lake Mathewport,484,203,36
398,Marymouth,224,235,19
399,Gutierrezview,853,82,0
400,Lake Michaelstad,460,201,23
401,Oconnormouth,511,173,47
402,Port Carlastad,992,233,6
403,Lake Jacob,844,238,40
404,Robertland,506,129,3
405,South Lindafort,712,88,9
406,Millerville,619,77,2
407,East Susan,981,92,45
408,Emilyberg,337,107,14
409,Stacytown,112,107,9
410,North Adamside,667,233,5
411,New Peterland,960,141,46
412,East Jenniferside,680,160,8
413,Lake Chelseaberg,418,139,32
414,Rojaschester,654,179,32
415,Christopherstad,255,80,45
416,Laurafort,628,200,39
417,East Crystal,352,87,32
418,Staffordmouth,325,157,29
419,Gamblestad,871,185,50
420,Port Harry,692,213,10
421,Bellside,179,84,4
422,Randallton,801,158,30
423,Greenburgh,274,130,37
424,Lake Douglashaven,311,185,40
425,Johnsonbury,798,112,46
426,Codyport,534,218,43
427,West Deniseview,502,112,27
428,Smithchester,408,146,27
429,South Robert,612,240,3
430,Davidview,934,164,21
431,North William,805,219,44
432,Port Timothychester,871,169,12
433,Port Ryan,729,92,8
434,Lake David,964,170,41
435,Lake Shane,859,115,46
436,Austinbury,859,186,19
437,Joneschester,289,237,0
438,Johnbury,575,166,44
439,Kaylafort,281,94,30
440,Nicholeport,350,97,15
441,Robertfurt,410,128,3
442,East Lisaton,419,183,17
443,Robertsonfurt,690,150,12
444,New Robertport,115,204,30
445,North Jasonshire,856,74,2
446,Carolynton,878,105,2
447,Jenniferfort,355,90,8
448,Lake Randychester,965,198,35
449,Franklinside,960,140,8
450,Guerrashire,568,93,28
451,North Danielle,278,173,18
452,North Christopherland,751,102,30
453,East Jonathanton,355,141,33
454,North Daniel,364,185,31
455,Chandlerland,970,187,2
456,Spearsfort,196,158,43
457,West Justinport,111,123,49
458,Hardinview,667,129,32
459,New Benjamin,584,232,36
460,East Nancy,409,102,1
461,Gregoryville,290,123,50
462,Port Austin,879,71,47
463,West Savannah,576,171,29
464,West Amy,280,77,39
465,North Jose,199,83,2
466,Garymouth,877,117,13
467,Lake Nicholasstad,402,238,45
468,Williamsstad,523,117,17
469,New Christopher,818,120,16
470,Bradleytown,702,228,2
471,South Christopherport,767,165,2
472,New Seanland,926,155,21
473,New Eric,426,121,43
474,South Amanda,643,201,16
475,Collinsstad,130,206,44
476,West Samanthaview,390,132,25
477,Port Michael,618,193,34
478,Snyderton,866,72,34
479,Loganland,811,71,3
480,Port David,789,105,34
481,Cookborough,865,200,24
482,Rogerschester,431,131,12
483,South Latoyatown,753,194,21
484,Markchester,610,92,7
485,Davishaven,594,234,0
486,New Stephanie,882,212,26
487,Port Taylor,408,240,42
488,East George,266,134,31
489,Jamesshire,212,182,45
490,Caseyhaven,394,93,36
491,Caitlinland,938,137,29
492,East John,242,220,36
493,Maureenport,283,113,5
494,New Alan,698,105,12
495,Port Patrickshire,715,108,5
496,West Shane,633,160,29
497,New Michaelstad,311,208,34
498,Matthewshire,620,200,48
499,New Carrie,271,238,0
500,Port Kelly,375,100,25
501,Port Brittneyport,428,193,27
502,Shawnburgh,604,168,25
503,Sweeneytown,129,146,14
504,Nicolasfort,941,158,4
505,East Diana,591,75,25
506,New Jordanton,174,211,9
507,Kurthaven,527,129,19
508,North Kimberly,808,137,43
509,Clarkbury,640,156,36
510,West Jasmineshire,519,90,42
511,South Tracy,842,79,28
512,Dianefurt,121,160,26
513,Michaelmouth,822,214,5
514,West Kevin,201,201,3
515,East Peggyview,302,173,42
516,Gibsonfurt,516,225,48
517,East Loribury,972,157,15
518,East Brenda,270,184,38
519,Jacobstad,276,124,6
520,Richardside,542,228,32
521,Port Brittneyland,638,115,48
522,Port Kristenshire,714,136,44
523,North Lauramouth,271,219,16
524,Martinport,656,165,28
525,Erinhaven,594,98,18
526,New James,938,173,8
527,Lake Kevinshire,330,215,10
528,Conwayport,170,78,49
529,Litown,398,203,34
530,Melissabury,603,77,33
531,Brianshire,353,119,45
532,Hamiltonstad,562,133,13
533,South Toddview,587,235,35
534,Angelatown,601,115,0
535,North Joyceton,174,92,39
536,South Emilyville,294,205,30
537,Port David,788,132,29
538,Lake Jeffrey,558,145,9
539,East Natasha,917,105,50
540,Gibbsborough,891,202,8
541,Rhodesbury,669,213,27
542,Russellmouth,260,75,10
543,Kristinafort,207,130,11
544,Annaberg,998,128,31
545,New Richardstad,879,125,16
546,Ramirezmouth,543,143,18
547,Lake Ryan,519,215,47
548,New Johnburgh,390,116,50
549,Whitneyfort,821,202,4
550,West Barbaramouth,232,116,24
551,West Adrianmouth,113,231,39
552,Justinberg,642,170,7
553,Tiffanyfort,346,236,16
554,Lake Sherrychester,705,113,47
555,Marcchester,254,110,38
556,North Rachelborough,894,123,29
557,Port Christopherberg,644,234,33
558,Williamsmouth,658,188,37
559,New Natashaport,819,183,36
560,Lake Kerri,712,176,34
561,Melissamouth,335,119,10
562,West Mark,807,216,22
563,South Kevinshire,440,108,22
564,Gonzalezmouth,957,168,12
565,South Steventown,700,170,6
566,Port Rachelmouth,351,219,39
567,Gonzalezchester,605,118,32
568,North Jenna,702,111,32
569,Lake William,650,139,22
570,Lake Julianfort,704,74,29
571,Oscarstad,904,216,5
572,Andrewburgh,892,226,50
573,Fostertown,347,117,34
574,North Nicolas,140,96,14
575,Mayport,788,177,17
576,Kathyburgh,129,178,16
577,East Peterfurt,961,207,11
578,Sweeneyland,157,158,2
579,South Amy,939,70,12
580,New Christine,638,94,43
581,Joseberg,335,149,14
582,Lake Matthew,613,178,46
583,East Angela,992,154,22
584,Schultzton,611,227,39
585,Port Jonathan,208,213,38
586,Garyview,975,196,28
587,East Donshire,588,115,32
588,Jermaineburgh,591,204,32
589,Lake Laura,328,111,49
590,Michaelburgh,372,113,34
591,Garciaside,513,143,8
592,Mcguiremouth,548,187,26
593,New Sethburgh,275,216,37
594,Lake Dawn,599,93,29
595,Lake Josephfurt,835,88,18
596,South Morgantown,335,202,13
597,Claychester,898,77,15
598,East Kimberly,920,232,33
599,East Thomasshire,308,101,38
600,Valenzuelabury,811,127,9
601,East Greggmouth,190,150,19
602,East Anita,636,85,23
603,Ericburgh,155,86,36
604,Port April,714,90,35
605,Stephanietown,673,91,47
606,Port Herbert,553,145,24
607,Matthewburgh,201,117,2
608,South Michael,356,198,19
609,Bennettbury,448,209,17
610,Abbottshire,871,233,4
611,Debbiefurt,654,82,42
612,Lake Chadmouth,327,134,46
613,Ashleyshire,785,195,44
614,New Douglas,442,174,8
615,Johntown,889,92,22
616,East April,464,75,29
617,North Carolbury,132,178,48
618,New Shirley,719,237,44
619,New Justinberg,671,88,35
620,New James,936,185,14
621,Whitestad,162,129,23
622,Austinville,995,159,18
623,Port Tracystad,995,91,7
624,North Kimberlyton,479,88,17
625,North Bradleyburgh,559,139,50
626,West Jeffreyville,762,77,21
627,North Richard,680,152,11
628,Tonyaburgh,129,137,7
629,Staceymouth,603,152,21
630,Andrewstad,873,209,21
631,Lake Ryan,988,112,10
632,Longhaven,783,192,41
633,Millerborough,980,108,5
634,New Eric,991,131,32
635,Greenmouth,950,127,23
636,West Kelly,206,151,45
637,New Kyleberg,315,145,0
638,North Lucasbury,340,195,34
639,Emilytown,180,140,18
640,Gouldport,887,239,49
641,South Candiceborough,570,125,1
642,Nelsonstad,906,215,16
643,West Amyhaven,710,104,48
644,Kellimouth,947,202,41
645,Kaylafurt,252,233,6
646,Kellyton,108,140,45
647,Carlosburgh,909,227,25
648,Pachecoport,565,213,28
649,Pattyland,801,201,49
650,Port Allison,665,119,36
651,West Laurenbury,764,139,12
652,Shelleymouth,831,86,35
653,Parrishview,384,234,45
654,East Joseph,651,214,10
655,Christyfurt,557,110,44
656,Smithville,962,111,5
657,South Andreaport,362,84,18
658,Ballardborough,514,143,5
659,Pamelaside,195,149,24
660,Adamland,737,231,14
661,Matthewville,299,78,48
662,Brewertown,430,234,17
663,Reneeview,369,195,33
664,Ariasberg,728,100,10
665,South Ronnie,742,157,26
666,Melissaton,595,135,2
667,Port Trevor,429,160,15
668,Aaronbury,518,83,47
669,North Kelsey,124,159,19
670,Brianmouth,968,170,20
671,Goodtown,993,146,13
672,West Anthonytown,933,74,27
673,Angelashire,382,178,1
674,Christinemouth,986,233,0
675,Harperville,117,157,35
676,Charlesshire,109,203,34
677,East Annatown,226,78,35
678,Martinstad,102,121,47
679,East Ashleyport,596,111,49
680,West Alisha,492,79,35
681,Emilytown,926,146,17
682,South Isaacfort,305,187,29
683,Ernestland,384,130,46
684,Lawrencebury,412,161,48
685,Terrihaven,874,138,16
686,Manuelfurt,956,92,11
687,Port Erin,712,208,4
688,Millermouth,383,180,7
689,Jacquelinetown,194,167,43
690,Jessicachester,350,211,45
691,Pruittberg,831,70,35
692,Jakeberg,333,136,19
693,Lake Amanda,306,72,1
694,New Diana,114,156,28
695,East Christopher,357,178,10
696,Millerbury,206,89,46
697,East Ruth,161,125,36
698,South Brandon,914,225,12
699,Newmanstad,296,144,49
700,Gabrielhaven,375,72,10
701,South Jodi,419,126,41
702,West Megan,395,83,14
703,Lake Johnburgh,376,104,48
704,North Sherryfort,557,210,25
705,Annfort,433,208,16
706,Michaelburgh,190,85,15
707,Teresafurt,848,160,13
708,Kellyton,687,199,18
709,Victoriaborough,102,210,46
710,Tyroneton,655,153,15
711,Ryanland,413,99,36
712,West Christopherton,814,122,28
713,Steinmouth,503,185,45
714,Jacobville,518,182,34
715,East Julia,709,152,28
716,Lisaville,846,213,7
717,North Holly,491,198,10
718,Port Tyronefort,283,173,31
719,Morrisonstad,678,70,19
720,Simonport,334,231,8
721,South Jonathanhaven,532,104,41
722,East Ricardo,160,77,19
723,Mariamouth,864,123,31
724,Tiffanyton,612,157,37
725,East Jonshire,576,149,17
726,Sanderstown,553,182,1
727,North Nicholasview,598,121,1
728,Normanland,716,161,1
729,West Amytown,665,236,20
730,West Franklin,549,161,25
731,New Danielside,483,214,22
732,West Nicoleshire,849,143,5
733,North Sheilaland,994,209,9
734,North Sarahtown,201,120,39
735,Shawnton,298,239,1
736,New Micheal,565,146,12
737,Christopherland,185,213,27
738,West Caroline,636,170,19
739,Brucemouth,884,172,8
740,Brittanymouth,913,125,29
741,Clintonshire,197,212,48
742,North Barbarachester,268,168,26
743,South Brandon,837,140,3
744,Mayertown,873,203,45
745,Wagnerville,350,135,25
746,Mooneyton,199,142,45
747,Harrishaven,305,153,41
748,Timothyport,106,171,50
749,Codytown,789,148,7
750,Lake Robertside,714,200,11
751,North Amy,484,183,16
752,New Gregory,201,225,39
753,North Brianamouth,483,144,40
754,Hillland,769,211,16
755,Mannhaven,666,158,31
756,Harrisfurt,418,135,49
757,South Ianstad,626,149,33
758,Lake Megan,839,180,32
759,West Nicoleton,822,199,12
760,Port Kathleenshire,741,211,17
761,Shermanview,770,204,50
762,South Lisabury,369,156,32
763,Joestad,873,181,0
764,Codyport,518,123,40
765,New Sarah,877,219,15
766,Solomonshire,495,91,27
767,Mooreland,150,130,30
768,Lauraberg,249,236,39
769,Vargasborough,694,158,43
770,New Ronaldfort,728,88,49
771,Saramouth,954,118,21
772,Sabrinafort,346,177,19
773,Torresfort,872,234,41
774,New Brandon,636,84,26
775,New Carol,958,202,40
776,Richardbury,411,221,29
777,Millerland,781,144,42
778,Jacksonfurt,982,79,2
779,Keybury,946,88,21
780,Gutierrezburgh,191,225,36
781,South Samanthaview,311,237,7
782,Joneschester,791,105,38
783,Parkermouth,644,234,6
784,Anitashire,354,135,48
785,Barbaraport,372,234,6
786,Garzashire,299,207,24
787,Lake Mollyfurt,244,85,17
788,Danielport,846,215,48
789,South Shelly,190,190,48
790,Jordanburgh,911,163,34
791,New Jacobville,941,143,14
792,East Williamtown,788,172,48
793,East Karinatown,731,152,33
794,Rayside,913,140,50
795,Danamouth,340,142,27
796,Joshuabury,352,171,6
797,West Deniseborough,859,148,38
798,Hessborough,611,185,19
799,Coryhaven,479,218,35
800,West Wandabury,970,118,24
801,Heidibury,518,157,14
802,Kaylaburgh,257,233,28
803,North Jayburgh,667,186,37
804,Millerside,611,90,26
805,Port Mathewfort,634,223,50
806,Lukebury,218,138,23
807,Lake Shannonchester,164,155,11
808,New Amanda,742,129,12
809,Mariafort,278,143,41
810,Ricetown,321,104,28
811,Port Melvin,327,200,21
812,New Gabriel,902,217,14
813,Mcfarlandmouth,622,117,18
814,New Nicholeville,956,100,38
815,Lake Pamela,474,161,46
816,Millerhaven,105,239,2
817,Garciafurt,877,168,41
818,Osbornebury,679,130,28
819,Jaredmouth,759,123,2
820,Port Justinfort,433,208,36
821,Timothyberg,827,231,12
822,Lake Ernestville,631,132,40
823,South Amanda,423,97,19
824,Fryville,526,174,28
825,South Debra,113,109,41
826,East Jacquelinemouth,702,119,24
827,Barnesmouth,664,173,22
828,New James,601,157,33
829,Port Oscar,876,178,13
830,West Rickymouth,658,129,35
831,New Bethany,643,80,44
832,South Brittanyport,456,146,3
833,Lake Michaelberg,124,238,35
834,West Katelyn,958,184,10
835,South Kevinview,806,99,46
836,Susanport,796,216,33
837,West Joshua,633,118,24
838,Ericmouth,743,152,31
839,Chapmanville,902,216,36
840,Kennethmouth,446,156,39
841,Ellismouth,305,74,2
842,Lake Michaelborough,138,144,2
843,Annetteberg,316,236,27
844,New Josephfort,913,208,44
845,North Kerrifort,821,227,10
846,Jeromeburgh,858,204,24
847,Lake Jeanette,992,101,44
848,North Amyberg,797,189,39
849,Kevinhaven,904,127,39
850,West Ericstad,839,146,12
851,Hannahbury,165,160,44
852,Cisnerosfurt,461,186,50
853,West Jonathontown,861,184,39
854,Williamschester,885,220,31
855,West Hannahbury,589,114,35
856,West Kayla,773,178,8
857,North Adammouth,897,212,41
858,New Catherinemouth,100,236,13
859,North Jacob,556,92,10
860,South Colinbury,265,115,21
861,Lake Mandytown,994,133,36
862,Port Stephaniemouth,264,239,45
863,Port Jennyborough,836,160,13
864,Anthonyside,567,235,35
865,Pennyville,417,173,47
866,South Debraberg,667,190,8
867,Jonestown,280,79,29
868,East Saraville,754,87,6
869,West Frankfort,672,184,26
870,North Allisonhaven,249,113,25
871,East Ricky,699,230,46
872,East Kristina,174,88,0
873,Lake Aaron,173,169,0
874,Maddenside,144,199,32
875,Samanthaton,437,88,49
876,Stephenschester,586,93,18
877,Gordonport,955,221,10
878,Murphystad,943,111,42
879,Frostland,442,233,50
880,Stephenland,627,94,40
881,Danieltown,287,180,40
882,Jeffreyburgh,892,122,14
883,New Dustin,589,213,10
884,New Austinland,942,195,46
885,East Jerry,694,109,16
886,West Rhonda,507,195,22
887,New Margaretport,284,98,43
888,Jamesborough,368,154,5
889,West Johnburgh,310,162,1
890,Hansenchester,600,184,26
891,Laurieland,486,141,9
892,East Adamchester,197,196,13
893,Port Drewside,221,202,45
894,South Andreashire,913,100,45
895,South Josephburgh,911,206,11
896,West Julie,115,211,2
897,New Tinamouth,510,91,44
898,Edwardland,708,191,4
899,Tuckerborough,660,221,50
900,West Jacob,352,98,14
901,Cynthiastad,380,133,26
902,Port Alexandriachester,574,231,50
903,Mcintyretown,137,73,36
904,New Meghan,434,139,17
905,Liufort,727,136,50
906,Reynoldsport,306,237,11
907,North Kathryn,729,154,0
908,Raymondton,501,179,18
909,North Angela,896,218,36
910,North Jonathanstad,403,218,25
911,Suttonbury,335,101,48
912,Thomasburgh,500,98,8
913,South Elizabethport,862,229,27
914,South Richardville,727,172,31
915,Lake Matthewbury,335,71,6
916,Reyesshire,572,72,26
917,Boyleland,926,233,19
918,Ramseyburgh,230,183,26
919,West Loganchester,153,102,24
920,North Jenniferview,714,207,11
921,South Teresachester,580,87,16
922,Moralesborough,143,176,36
923,Erikton,933,211,36
924,Pittmanfort,904,124,44
925,Youngland,879,121,41
926,Andrewsshire,205,220,26
927,Laurafort,599,196,18
928,Port Lindsey,962,137,43
929,Donnaton,820,140,21
930,Buchananfurt,173,107,7
931,New Craig,711,177,27
932,Coxmouth,705,169,37
933,Andrewmouth,713,143,8
934,West Christyside,273,111,26
935,Deleonland,117,132,36
936,Port Anthony,652,204,48
937,Morenomouth,820,157,41
938,East Elizabeth,701,76,8
939,North Markland,317,131,47
940,Aaronmouth,369,167,28
941,Wintersville,239,228,15
942,Lake Mathew,181,94,35
943,Lake Staceybury,171,216,14
944,South Alexandra,763,239,36
945,Cortezberg,565,179,0
946,Brendatown,981,92,23
947,East Gerald,629,192,27
948,Lake Laura,104,219,15
949,Lake Mark,522,213,15
950,West Donnahaven,212,106,37
951,Baileyburgh,572,160,19
952,Ricehaven,674,90,25
953,New Christina,273,100,35
954,Port Robert,350,171,15
955,Jeannefort,462,236,10
956,West Henry,761,142,28
957,Vaughanberg,537,167,5
958,Jonathanberg,415,165,2
959,Robinsonview,774,208,38
960,Kristenberg,954,105,0
961,Henryport,707,193,34
962,Mitchellville,925,107,10
963,East Randallmouth,655,79,20
964,Bryceport,421,105,18
965,South Brittanyport,120,183,35
966,Port Kennethburgh,392,218,20
967,Oliverborough,231,72,33
968,New Jerry,585,170,15
969,Valeriemouth,753,154,29
970,Joneschester,481,148,40
971,Port Marcus,125,98,22
972,Port Keith,326,155,7
973,Barbarashire,317,76,7
974,Port Scott,131,105,28
975,Port Kyle,157,179,28
976,Brooksstad,489,87,43
977,Lake Keithtown,342,223,35
978,Beltranfurt,529,120,15
979,Patrickhaven,992,70,25
980,Lisatown,728,88,40
981,Maryhaven,240,225,22
982,Lake Christina,555,217,47
983,Navarromouth,383,176,8
984,Foleyview,422,95,35
985,Ericashire,967,216,36
986,Kylemouth,963,186,14
987,North Helenfort,866,94,47
988,Lake Charles,442,90,18
989,Bensonberg,779,209,18
990,Valerieborough,374,87,31
991,Port Karenburgh,108,157,17
992,New Elizabethton,273,135,10
993,North Eric,857,86,5
994,Port Gregville,388,96,19
995,West Conniechester,764,217,14
996,Masonstad,515,229,30
997,North Thomasmouth,923,87,42
998,Robbinsside,172,163,3
999,West Jessica,818,77,25
1000,Shelleyberg,851,117,2
