1,Dr. Alexandra Long MD,Grantchester,11,265773
2,Brittney Lee,New Caitlyn,17,477711
3,Brent Diaz,West Jasmine,16,54784
4,Mercedes Brown DVM,Adamsfort,17,443353
5,Drew Harris,Smithville,16,34084
6,Samuel Lopez,Brownborough,40,96798
7,Patricia Dawson,Stephanieside,6,184591
8,Michael Wilson,North Heather,19,371174
9,Anthony Mccarthy,Stephanieberg,31,373628
10,Charles Roberts,Adambury,27,340076
11,Connie Phillips,Alexisborough,2,44054
12,David Curry,West Stephanie,9,340601
13,Lisa Richardson,Craigside,31,114590
14,Donna Lowe,Shannonfort,17,103983
15,Michelle Smith,East Seanmouth,38,370297
16,Jon Brady,Port Hannahshire,7,272488
17,Jose Allen,Kimstad,8,298792
18,Lisa Davis,Taylormouth,5,491432
19,Tara Hoffman,Jordantown,29,51008
20,Maria Lynch,South Paul,35,41036
21,Jason Robinson,New Timothy,12,469596
22,Christine Rodriguez,East Matthewstad,35,270240
23,Emily Soto,New Barry,34,156011
24,Ashley Buchanan,Ryanchester,24,86616
25,David Haynes,Stevenstad,23,280651
26,Derek Cunningham,East Ashleymouth,7,392678
27,Erik Silva,East John,34,298405
28,Danielle Robinson,New Robertmouth,6,130584
29,Blake Chapman,Gregoryland,38,433752
30,Molly Tyler,East Kyle,38,340190
31,Linda Spence,Wendyville,23,393647
32,Daniel Howard,Whitakerside,33,186881
33,Rodney Cervantes,North Stephen,18,242335
34,Bryan Arroyo,East Matthewborough,5,315554
35,Deborah Ramos,Jamesview,22,325679
36,Theodore Kennedy,Lake Calebfurt,3,16761
37,Robert Rogers,East Jasmineborough,26,28050
38,Alan Sanchez,Danielleburgh,17,410934
39,Mary Davis,South Michaelberg,35,353718
40,Samantha Sanchez,New Tracy,10,399234
41,Jeffrey Lozano,Melissaville,15,495606
42,Mary Mccullough,New Sharonmouth,29,93223
43,Shannon Carroll,South Cynthiaburgh,21,318164
44,Wesley Tucker,West Jared,3,13932
45,Mike Hoover,Meyerston,8,52732
46,David Donovan,Port Mary,13,469678
47,Melissa Smith,Garciaborough,8,162822
48,Erin Berg,Mitchellside,23,235510
49,Joseph King,Port Ericview,2,264943
50,Jason Browning,Conniemouth,12,18386
51,Keith Terry,North Connie,33,233752
52,Jacob Stone,Hensontown,6,121669
53,Ariel Spears,Justinland,8,269483
54,Derek Lynch,Bennettberg,29,108238
55,Rebecca Bridges,South Vincentview,36,334791
56,Tony Peters,Andrewtown,11,430001
57,Shelly Castro,Ramirezfurt,4,303012
58,Ryan Lowe,Matthewshire,37,140631
59,Susan Williams,Clarkshire,5,289435
60,William Lyons,Cathyside,34,213228
61,Brooke Myers,Abbottview,1,232793
62,James Phillips,South Katrina,17,43574
63,Julia Lee,Port Cherylberg,27,358554
64,Lisa Williams,Port Scottborough,11,131339
65,Steven Christensen,Robertview,8,166557
66,Cesar Mcdonald,Lake Normaland,32,351650
67,Justin Simon,Lake Gregorymouth,5,457477
68,Karen Valdez,Lake David,11,54020
69,Keith Jones,West Kimberlyville,13,302176
70,Janet Peterson,Andrewshire,20,37406
71,Andrew Moore,New Elijah,1,483026
72,Christine Whitaker,Millerside,4,128525
73,Sarah Bennett,Mendozachester,14,241542
74,Deborah Powell,Michaeltown,40,245291
75,Steven Jimenez,South Jameston,6,430850
76,Matthew Thomas,Heatherview,1,141979
77,Joseph Brown,West Brian,27,113331
78,James Young,North Martha,1,250770
79,Kristen Clark,Duarteburgh,4,482567
80,Cheryl Galvan,Charlesfort,3,54981
81,Justin Williams,West Lindsay,28,411218
82,Jesse Carlson,Andrewview,6,90130
83,Katherine Pitts,East Bethanyside,26,313817
84,Michele Gray,Lake Larry,24,418543
85,Juan Maldonado,South Damon,17,204695
86,Alexander Baker,Molinabury,11,244156
87,Adam Young,Tashafort,17,386985
88,Linda Maldonado,Elizabethville,4,74232
89,Joshua Williams,New Aliciaville,8,328380
90,Isaiah Miller,East Ryanchester,4,215291
91,Jason Davis,Bartlettside,22,130780
92,Jesus Silva,Kingside,5,72715
93,John Sweeney,North Alexandra,33,159482
94,Brandon Blake,North Mackenzieton,21,197352
95,Julia Knight,North Christinebury,36,78537
96,Christina Allen,South Robertshire,23,99763
97,Evelyn Moore,Josephside,10,86672
98,David Miller,Willishaven,19,49101
99,Kristen Norris,Amyhaven,10,226655
100,William Brewer,West Kevin,39,72080
101,Dean Morse,Morganton,2,190171
102,Robert Parker,North Jaychester,37,123417
103,Mr. John Smith MD,Heatherstad,26,160530
104,Richard Simmons,Port Michaelland,9,239352
105,Richard Myers,Jensenhaven,31,288619
106,Jerry Petersen,South Janice,21,36475
107,Amy Henderson,Debrafurt,2,423341
108,Katherine Stafford,Farleyport,16,474668
109,Debra Freeman,Kiaramouth,36,381250
110,Logan Garcia,Jeanville,3,181771
111,Michael Maldonado,Port Jerrymouth,39,305894
112,Jennifer Conley,New Samantha,15,123487
113,Rodney Hines,Joshuaview,15,53835
114,Joanna Yang,North Christyport,36,385010
115,Dr. Juan David,Lake Brianna,18,402215
116,Brian Clark,East Lydia,10,307844
117,Carlos Shepherd,Port Juliefort,25,351141
118,Helen Reynolds,Carlburgh,10,164861
119,Kimberly Williams,Hannahhaven,23,164224
120,Shelby Kramer,North Blake,26,341852
121,Lynn Martinez,South Crystalmouth,3,278350
122,Raymond Lewis,Michelleburgh,34,24952
123,Sean Guzman,Drakeside,15,344133
124,Raymond Kerr DVM,Melanieside,39,476502
125,Justin Gentry,Amandaberg,9,20097
126,Claire Armstrong,New Alexandra,7,60909
127,Stanley Schmidt,Port Jessicachester,33,275149
128,Leslie Jordan,South Hannah,1,19433
129,Richard Proctor,West Dustinhaven,18,494922
130,Sarah Salazar,Amyburgh,31,300986
131,Jackson Robbins,West Valerietown,39,325727
132,Dr. Angela Miller MD,North Jacob,16,121625
133,Timothy Keith,Gloriamouth,26,177700
134,Tricia Anderson,Larsonhaven,11,113478
135,Miguel Waters,Port Jameschester,21,229031
136,John Mitchell,Hectorshire,19,480957
137,Mr. Eric Brewer,New Jenniferstad,25,190540
138,Walter Hudson,South Susan,3,429691
139,Yvonne Larson,West Jeremy,23,343199
140,Christian Hill,Burnsborough,26,38859
141,Trevor Lopez,Melaniechester,9,300371
142,Elizabeth West,South Mitchell,1,469339
143,Bruce Garrett,Timton,26,182906
144,Wayne Edwards,South Scott,40,467452
145,Megan Green,Armstrongland,36,409192
146,Brett Gonzalez,West Joshua,9,263460
147,Ashley Burns,South Samanthaview,1,117555
148,Mrs. Amber Harris,Davenportland,40,380507
149,Michelle Porter,Heatherberg,15,85680
150,Karen Evans,West Rachel,1,310441
151,Jim Brown,Benjaminchester,36,422903
152,John Miller,Lake Rachelton,20,390120
153,Frank Thompson,Conwayburgh,13,424748
154,Jeremy Owens,East Samuel,28,485458
155,Jade Wilson,South Stephen,22,205265
156,Lisa Wood,Davidside,36,15723
157,Lisa Short,Erikmouth,27,35402
158,Jeremy Wallace,Morganport,19,311071
159,Faith Smith,Cisnerosside,2,469123
160,Tyler Curtis Jr.,New Seanfurt,17,188251
161,Brandi Sanchez,East Jeremyborough,17,427506
162,Noah Deleon,Port Deborahfort,39,413098
163,Eric Hill,South Dawnview,31,266062
164,Samantha Walker,West Rebeccaside,2,249243
165,Michael Cox,Jamestown,17,367707
166,Madison Hicks,Port Amy,12,404003
167,Benjamin Hunter,South Gregory,22,55058
168,Stacy Wright,Port Elizabethport,2,68044
169,Caitlin Copeland,Robertton,39,220398
170,Anthony Barton,Jamieburgh,27,37819
171,Alejandro Torres,Shieldstown,22,45283
172,Warren Meyer,Danielside,14,252230
173,Joseph Mitchell,Jaimefort,13,367767
174,Sharon Poole,Harrisonstad,24,318886
175,Samantha Francis,South Ravenshire,12,207262
176,Frank Andrews,Lake Edwardbury,15,255719
177,Samuel Gaines,New Kevin,10,120314
178,Beth Caldwell,Parsonschester,13,470914
179,James Obrien,West Rebecca,31,107072
180,Tammy Johnson,Danieltown,40,222481
181,Kelsey Bell,Beanshire,30,285123
182,Chelsea Spencer,West Katieview,24,26795
183,Megan Reynolds,Julieton,40,160657
184,Justin Hicks,New Christopherside,36,397665
185,Tyler Robinson,West Austinmouth,2,305185
186,Kenneth Kennedy,Oliviachester,17,449706
187,Rose Holmes,New Brandonmouth,28,116957
188,Zachary Stephens,Lisafort,38,136971
189,Amber Ewing,Aprilberg,7,404044
190,Connor Delgado,West Frankshire,31,54526
191,Robert Wood,Jamiehaven,1,164553
192,Kyle Johnson,Gomezbury,12,290092
193,Tammy Pineda,Bradmouth,34,389615
194,Jennifer Jones,South Tristanchester,17,456283
195,Shane Delgado,Christinashire,16,295713
196,Bonnie Carter,Lake Sarahview,11,227956
197,Amanda Franco,East Terri,13,414300
198,Lisa Keith,West Holly,11,181841
199,Pamela Bullock,East Kevin,9,314688
200,Tara Miller,Karenfurt,27,15963
201,Patrick Houston,Pachecoberg,27,175417
202,Alexandria Garza,Kellytown,38,336019
203,Mrs. Rebecca Hill,Port Kevinville,36,470695
204,Amanda Horne,Greenland,12,170597
205,Heidi Luna,New Teresaborough,39,225883
206,Corey Cox,Zacharyfort,3,491012
207,Sarah Clark,Denisebury,16,84191
208,Jesus Burke,Zacharyhaven,21,148004
209,Daniel Moore,South Jose,30,430986
210,Shane Gibson,North Michele,21,481426
211,Brian Johnson,East Chelseamouth,30,237039
212,Jonathan Meadows,Peterchester,20,58186
213,Tiffany Jensen,Lake Paul,40,477036
214,Mr. Mark Gibson,Lake Megan,30,129885
215,Brian Mitchell,Jenniferville,34,338998
216,Daniel Baker,Littleborough,5,298107
217,Brittany Allen,Benjaminhaven,36,138899
218,Brian Adkins,Lake Dawn,31,461107
219,William Williams,Ashleyview,22,232726
220,Mark Weaver,Harrisfort,34,393684
221,Amanda Miranda,East Cynthiaport,31,334177
222,Kristine Goodwin,Gregoryton,29,348536
223,John Gray,North Wendy,34,186690
224,Corey Browning,East Julieburgh,34,137107
225,Samantha Lopez,Lake Williamfurt,35,471107
226,Benjamin Wolf,New Nicolemouth,11,70617
227,Erica Delacruz,East Robert,4,65914
228,Peter Thompson,South Michaelshire,14,148586
229,Amanda Nelson MD,New Kristiport,11,480002
230,Kirsten Miller,North Nicoletown,13,64484
231,Christopher Moody,West Lisafurt,14,25297
232,Miss Kimberly Gonzalez,Yangburgh,25,44054
233,Christopher Hernandez,West Bethany,16,320632
234,John Black,South Emily,32,463994
235,Donald Wright,Port Lanceville,19,224986
236,Sheila Clark,North Patrick,4,354262
237,Michelle Hanson,Briannaville,15,101942
238,Tara Wood,West Isaiahton,8,138434
239,Benjamin Roberts,Graybury,21,165175
240,Sabrina Rogers,Kimberlyland,40,247704
241,Sarah Richards DDS,West Michelle,24,54580
242,Scott Bradley,Thomasside,35,25234
243,Brittany Davis,Troyburgh,16,345812
244,Nancy Harrison,Port Brandon,28,102654
245,Briana Powell MD,Patriciatown,19,307701
246,Monica Roberts,Pageborough,5,376813
247,Daniel Martinez,West Tim,16,158909
248,Laura Wright,West Trevorton,23,125617
249,Shannon Holmes,Cohenmouth,28,163426
250,Melissa Cruz,Wrightchester,5,483385
251,Cody Miller,West Madelineview,30,480334
252,Patricia Montoya,North Conniechester,36,306600
253,Valerie Washington,Lake Paulshire,38,68716
254,Susan Cohen,Emilyfort,24,175769
255,Robert Cowan,Hollyfort,15,156618
256,Lori Werner,Leeland,36,57415
257,Mary Gross,Davidbury,24,342845
258,Melissa Noble,Lake Zacharyville,24,192250
259,Charles Delgado,Grimesside,15,131108
260,Eric Lucas,Yvetteburgh,1,162376
261,Bruce Rogers,East Edwardside,32,202690
262,Allison Garcia,West Colinfort,6,456048
263,Melissa Nicholson,Johnsontown,34,78342
264,Austin Smith,Port Josephburgh,8,427663
265,Frank Rose,Norrischester,24,266521
266,Gregory Adams,East Susanside,40,334944
267,Mary Wang,Smithborough,38,54573
268,Steven Cooper,East Christina,14,91461
269,Paula Johnson,West Michaelborough,1,300450
270,Matthew Adams Jr.,Shannonstad,3,495469
271,William Moore,Richardsonberg,5,74750
272,Bryan Cameron,West Michelehaven,7,429146
273,Richard Knox,Gregoryland,32,11370
274,Kathleen Rowland,North Benjamin,30,106000
275,Tamara Hall,Edwinshire,9,277618
276,Victoria Lane,Francischester,16,256091
277,Deborah Steele,New Tanner,12,133750
278,John Williams,Mooreburgh,10,32494
279,Natasha Nelson,Guerreroland,27,207967
280,Curtis Parks,Lawrenceton,12,299412
281,Ralph Howell,Lake Michaelmouth,31,77666
282,Mr. Robert Jones,Lake Johnchester,35,249264
283,James Bailey,Michaelborough,29,462425
284,Wendy Ball,Haroldland,17,355490
285,Nina Barber MD,New Ashley,3,266048
286,Michael Bailey,North Valerieberg,20,58324
287,Sean Jones,South Samanthaview,25,61463
288,Kenneth Murray,Heatherburgh,6,388284
289,Mr. Ronald Barnes MD,Dawnchester,31,290578
290,John Hurst,Katherinefort,30,248889
291,Brad Hood,Rittertown,19,451654
292,Margaret Roberts,Danielfurt,21,284531
293,Alexander Wells,Villastad,26,295473
294,Joseph Wright,Jasontown,39,419850
295,Jacob Davis,Robertburgh,4,427325
296,Andrea Copeland,Tracybury,16,335912
297,Donald Taylor,Lake William,37,251246
298,Richard Paul,New Sharontown,40,444938
299,Richard Cochran,South Shelia,37,170401
300,Jerry Bray,East Rebecca,2,124074
301,Kristen Pierce,North Juliefort,25,204619
302,Debra Leach,South Bobbyberg,16,53571
303,Jennifer Marshall,Port Amanda,15,190352
304,Reginald Lane,Burnsburgh,31,39263
305,Mark Scott,Mcbridefort,16,112182
306,Michael Lopez,West Coreyton,29,78644
307,Jesus Blair,North Ericberg,5,174322
308,Audrey Galloway,Hammondbury,7,141094
309,Miss Amy Cameron,Lake Ana,9,199374
310,Alan King,Port Tanya,33,58504
311,Taylor Vazquez,East Sandrahaven,18,210751
312,Benjamin Martinez,Jenniferhaven,16,71507
313,Christopher Burns,Williamsside,32,245462
314,Patrick Jackson,North Teresa,14,144809
315,Robert Jackson,Port Deannabury,40,470641
316,Abigail Smith,Cherylside,18,46830
317,Sandra Todd,Robinsonfort,3,450356
318,Mario Miller,East Ashleyland,26,95902
319,Anthony Douglas,North Josephland,35,371310
320,Julia Parker,South Anthonyfurt,18,267914
321,Ronald Jones,North Marcus,23,417445
322,Sarah Compton,South Melissaton,29,335322
323,Nicholas Nash,Robertstad,36,380285
324,James Williams,North Timothy,13,427608
325,Charles Vega,East Tracymouth,17,435761
326,Bianca Preston,Glendaton,32,270066
327,Michael Gonzalez,Alexandriaside,34,440608
328,Michele Jackson,West Shaneborough,13,305895
329,Cory Johnson,Andersonland,13,49684
330,Robert Brown,Sandersmouth,35,152810
331,Mark Snow,Lake Hannah,18,492958
332,Bryan Fry,Port Laura,5,426159
333,Leslie King,South William,21,351256
334,Hector Blanchard,Micheleport,37,437508
335,Donald Holland,Davidhaven,20,202493
336,Kimberly Howe,Kristinaville,7,162187
337,Latasha Jordan,Bondshire,24,284495
338,Anna Elliott MD,East Ebony,11,499368
339,Jessica Miller,West Saraborough,12,463095
340,Jeffrey Rosario,Kelleystad,11,268785
341,Joseph Bryant,Parksland,15,185534
342,Casey Cummings,Mariaburgh,10,107578
343,Bryan Sanchez,West Danielhaven,25,256439
344,Michael Horton,Anthonyport,10,106586
345,David Nelson,Anthonyfurt,8,378360
346,Steven Mcfarland,Lovebury,28,279147
347,Sherry Mayo,Garciamouth,39,389084
348,Philip Jones,Rodriguezville,20,71169
349,Christopher Turner,Christinafort,25,350181
350,Angela Moran,Susanberg,6,15846
351,Erica Erickson,Lake Brad,1,271959
352,Elizabeth Gibson,Lake Travisland,16,13297
353,Brandi Ochoa,Muellershire,15,394590
354,Christian Alvarado,East Jeffrey,31,480472
355,James Miles,Stacieview,1,285965
356,Samuel Alvarado,Porterland,35,307879
357,Jennifer West,Robertport,16,140011
358,Derek Thompson,Emmafurt,8,301291
359,Joseph Hodge,West Anthonyfurt,17,206550
360,Melanie Carrillo,West Charlesberg,38,173515
361,Jennifer Reeves,Stephanieland,28,238944
362,Taylor Goodman,East Michelemouth,25,344734
363,Nicole Camacho,New Tracy,24,285894
364,Kayla Williams,East Sharon,39,55596
365,Mark Perez,Ernestchester,16,409324
366,Craig Reed,Lake Joseph,29,45964
367,Erica Bryant,South Amanda,30,11587
368,Sean Smith,Vanessaland,8,12327
369,Denise Miller,Haleberg,17,483241
370,Patrick Diaz,Ellisshire,1,73905
371,Tammy Williams,Lake Nicholasborough,20,463545
372,Dylan Jordan,Amberfort,1,348150
373,Stephanie Willis,Josemouth,23,54528
374,Jordan Kim,Port Lawrence,32,399622
375,Timothy Davies,Sandersshire,12,376508
376,Steven Hernandez,Lake Kennethmouth,39,307570
377,Jeffrey Proctor,Lake Brendaburgh,23,400226
378,Stephanie Harris,Millsfurt,21,288927
379,Cynthia Brown,Deborahberg,21,117158
380,Larry Ray,Gonzalesville,4,218450
381,Andrew Davis,South Kimberly,16,130280
382,David Crawford,Pamelaport,36,175386
383,Claudia Green,Lake Ashley,33,72879
384,Kristi White,Martinezchester,5,52039
385,Michelle Bennett,Rossberg,2,307225
386,Daniel Baker,West Sandraville,37,228914
387,Deborah Clark,Adamsside,9,334069
388,Jenna Tyler,West Travistown,25,292342
389,Mary Little,East Peter,23,452488
390,Emily Lee,Rebeccabury,5,398575
391,Rachel Lee,Port Victor,6,28382
392,Desiree Perez,New Bobbytown,5,325892
393,Anne Mullins,Reedborough,28,161440
394,James Wilkins,Port Robertside,27,386465
395,Jason Munoz,East Samantha,29,281126
396,Amanda Frederick,New Kenneth,36,93749
397,Robert Harper,Hernandezchester,28,236876
398,Eric Lopez,Richardfort,2,134677
399,Ronald Dominguez,Tammyfort,37,255213
400,Theresa Bautista,Lake Jasonton,30,92662
401,Hunter Hoover DDS,Port Nathaniel,26,312820
402,William Pitts,Beardton,19,199721
403,Bailey Walker,Tracyfurt,3,29579
404,Felicia Montgomery,Tinaside,17,153657
405,Mrs. Nicole Cox,Sarahhaven,16,164398
406,Lori Coleman,Port Valeriemouth,22,138408
407,William Saunders,Stricklandmouth,21,233270
408,Victoria Yu,Lake Zachary,26,38307
409,Douglas Pugh,Melissatown,21,277573
410,Brandy Meyer,Port Christian,25,67729
411,Carmen Green,Lawrenceshire,30,159389
412,James Owens,Lake Jessicashire,37,367295
413,Kelly Fischer,Lake Bethmouth,26,323694
414,Rebecca Swanson,Pricehaven,40,280780
415,Christopher Norris,South Cheyenne,22,159427
416,Troy Nichols,Corytown,9,439940
417,Samuel Simpson,Tamarabury,21,339102
418,Nicole Becker,New Robertbury,8,90288
419,Ruben Richardson,East Katie,31,354317
420,Casey Hull,Jessicahaven,31,357811
421,George Moore,Kyleborough,7,267451
422,Sharon Harris,Port Kimberlyburgh,26,19937
423,Curtis Miller,East Barbara,15,52112
424,Robert Burton,New Eric,25,118850
425,Richard Morris,Lake Michelebury,2,268676
426,Joseph Potter,Kingside,14,385415
427,Jessica Smith,North Diana,22,118590
428,Corey Turner,Port Rhonda,21,244218
429,Jeremy Kelly,Harrisberg,21,164403
430,Martin Morris,South Micheleshire,33,422506
431,Michael Lawrence,Scottstad,4,210144
432,Jennifer Cruz,Melissaville,16,90519
433,Benjamin Rice,Ortegaview,35,114563
434,Howard Roman,Burkestad,15,354622
435,Dana Bell,North Spencer,29,399307
436,Joseph Johnston,Charleshaven,28,113172
437,Andrea Carlson,Jimenezburgh,14,48245
438,John Nunez,Lake Frankfurt,17,214245
439,Wayne Serrano,Elizabethfort,7,466861
440,Christy Smith,North Jeffrey,17,12540
441,Ryan Villegas,Lake Markside,28,404069
442,Jessica Hill,Lake Jessicatown,27,81763
443,Christopher Smith,East Danielle,5,115700
444,Zachary Hernandez,Ayerston,21,234896
445,Alison Hodges,Jerrytown,40,271578
446,Alexis Arnold,Davischester,38,159317
447,Vincent Meyers,Cunninghamburgh,19,417968
448,Sierra Wilson,North Dianatown,11,100538
449,Joseph Chang,Edwardsland,38,137538
450,Jessica Edwards,Michaelland,12,262529
451,James Evans,South Daniel,24,124054
452,Jennifer White,South Danielfurt,25,233325
453,Jason Morris,Evansborough,14,355935
454,Jennifer Moreno,Williamsmouth,10,226860
455,Dawn Cruz,Lake Michael,17,24715
456,Ronald Smith,East Royton,35,222267
457,Courtney Hunter,Padillashire,37,122034
458,Emily Molina,Murrayborough,5,310327
459,Nicole Roberts,East Jill,26,413906
460,Kathryn Wilson,East Jamestown,11,294204
461,Victoria Mckee,Kariberg,5,151913
462,Carla Mathis,New Jacobland,20,105771
463,Amy Blackburn,Burnsfurt,12,300705
464,Ryan Webb,North Stephen,33,127097
465,Mrs. Ashley Wagner MD,Stevenstad,17,120054
466,Kevin Fletcher,South Dianemouth,39,213460
467,Cynthia Taylor,Davidside,21,77498
468,Megan Anderson,North Mercedesview,8,455275
469,Jeremy Hayes,Teresafurt,1,196462
470,Michelle Moss,Williamfurt,10,479316
471,Dawn Mcdonald,New Jamesview,5,266350
472,Peter Holt,New Sherryfurt,20,261170
473,Danielle Lopez,East Theresa,10,157511
474,Evan Kim,Port Jasonshire,14,373498
475,Sophia Roberts,East Nataliestad,2,429833
476,Antonio Stephenson,Wayneshire,14,292587
477,Jason Hickman,Matthewchester,5,311939
478,Lisa Monroe,Lake Shelleyborough,14,235600
479,Julie Williams,Port Robertfurt,15,85936
480,Rebecca Williams,Johnborough,31,460118
481,Dennis Wallace,Frederickmouth,8,467559
482,Lauren Webb,Thompsonview,15,210110
483,Willie Brown,North Jeffreymouth,11,465856
484,Mr. Jeffrey Owens PhD,Gutierrezfurt,20,247042
485,Heather Rodriguez,Alanland,10,54555
486,Miranda Thompson,Leeport,3,486582
487,Michael Ball,Martinshire,37,29700
488,Jason Baker,New Larryview,11,207659
489,Alexander Davis,Hoffmanhaven,19,487905
490,Samuel Brown,West Jonathanmouth,26,272734
491,Ronald Smith,East Shelialand,34,335896
492,Kelly Robinson,West Jennaberg,1,166532
493,Michael Martin,Carlosview,14,264980
494,Mark Horne,South Paulaview,13,225093
495,Frank Reeves,East Meganborough,30,442960
496,Samantha Ward,South Micheleburgh,30,429864
497,Lori Chang,Lindseyshire,16,210632
498,Alan Wood,Lake Waltermouth,30,484065
499,Susan Elliott,Maloneton,7,96202
500,Omar Valdez,New William,13,190800
501,Anthony Cantu,New Markfurt,40,184983
502,William Fowler,Hollyview,10,29075
503,Sherri Dunn,Robertsmouth,34,372456
504,Brent George,Danielton,36,404172
505,Peggy Jackson,South Travisfort,6,151826
506,Dalton White,Lake Annaville,26,18393
507,Dr. Andrew Wilson,Rogersmouth,13,195898
508,James Alvarez,New Lorifort,14,43474
509,Bobby Wright,Port Pedrofurt,4,483412
510,Lauren Beltran,Johnathanland,11,39602
511,Adrian Phillips,Lake Brandon,38,69714
512,Brandon Miller,North Dennis,32,191179
513,Stanley Gordon,Port Williamland,15,386946
514,Emma Beck,Cynthiamouth,33,262409
515,Anthony Taylor,Kathleenmouth,34,191424
516,Ricardo Chandler,Johnsonport,40,451155
517,Lisa Harris,Lake Jeffrey,7,263488
518,Samantha Montes,Port Tamarabury,38,481075
519,Brandon Jensen,Donaldville,39,256745
520,Kevin Patton,East Daniel,33,60120
521,Raymond Williams,Laurentown,39,56818
522,Joshua Rowland,Longmouth,21,474723
523,Jennifer Bowman,Lake Justinfurt,10,42077
524,Debra Watkins,North Frankshire,7,25110
525,Casey Jones,New Suzannefort,38,296608
526,Hannah Dickson,Seantown,9,401848
527,Mr. Jeffery Jacobs,Butlerborough,24,71135
528,Mary Collins,Lake Brian,16,44870
529,Colleen Gentry,South Sarahburgh,36,396769
530,Christina Carpenter,West Sarahberg,29,102014
531,James David,East Kellybury,4,257615
532,Robert Patton,Port Robertstad,12,462883
533,Erika Gomez,Christopherfort,39,222769
534,Shannon Rodriguez,Rachelberg,35,321264
535,Luis Kennedy,South Tonyaberg,37,259880
536,Anna Perkins,East Sharonborough,8,130178
537,Tami Chavez,Cunninghamshire,2,499403
538,Joseph Stephenson,Hunterfurt,35,139450
539,Danielle Francis,West Taylorfort,26,358641
540,Theresa Hinton,Andersonbury,17,110694
541,Eric Brown,Averymouth,2,269105
542,Stephanie Harper,North Charles,25,80587
543,Jonathan Johnson,Edwardsburgh,27,472110
544,Kenneth Shannon,Williamfurt,6,339709
545,Gregory Carpenter,Kennethberg,20,394016
546,Jeffrey Torres,Chapmanmouth,39,73865
547,James Smith,South Davidmouth,28,168482
548,Henry Shields,West Larry,21,367597
549,Amy Bradshaw,East Daniel,22,71929
550,Derek Bush,Amytown,34,308819
551,John Williams,Hillfort,17,95195
552,Christopher Johns,Lake Jamesside,20,292622
553,Alyssa Weaver,Hobbsbury,34,433989
554,Melvin Garcia,Bowersshire,25,76554
555,Lisa Wilson,North Joyce,28,50471
556,Tyler White,New William,21,345067
557,Stephanie Barnett,Petersonview,37,107202
558,Manuel Anderson,North Christine,10,203583
559,Tammy Stark,Arielville,21,471029
560,Aimee Roberson DVM,New Patricia,4,11402
561,Holly Gentry,Jasonshire,32,206787
562,Kimberly Jacobs,East Jonathan,3,443834
563,Karen Williams,Harrymouth,20,63914
564,Timothy Wilson,Hollandville,18,305944
565,Gregory Hardin,Justinland,27,67549
566,William Rush,Kingborough,15,418820
567,Lori Bishop,Lake Shelley,32,139391
568,Nancy Baxter,Terriport,26,450707
569,Matthew Fernandez,Blairville,4,293246
570,Russell Gates,Garrettmouth,36,69383
571,Samuel Reed,South Michaelview,14,474273
572,Darrell Lopez,Kimberlyview,30,125252
573,Shane Frank,Port Tonya,37,279377
574,Michael Stevenson,East Elizabeth,27,218685
575,Eric Briggs Jr.,Jamesmouth,30,105031
576,Bobby Zavala,Huynhport,19,388760
577,Derrick Castro,Underwoodberg,7,286853
578,Jessica Johnson,South Laura,22,471564
579,Michele Huff,Mosesbury,5,488189
580,Jeffrey Hayes,New Arianaport,24,290473
581,Ann Cuevas,Lake Tracyville,20,78277
582,Erik Green,Davidmouth,22,290198
583,Brittany Lynch,Martinezfurt,34,174650
584,Troy King,Perrymouth,30,308329
585,Evelyn Lynch,Catherineside,25,399055
586,Nancy Daniel,Geraldborough,29,486781
587,Jason Griffin,North Raymond,27,433154
588,Andrew Torres,Port Andrea,30,77168
589,Matthew Carroll,Campbellbury,21,338589
590,William Morgan,Paulberg,22,299035
591,Dr. Joseph Mills,Michaelport,1,27666
592,Linda Rios,Rebeccafurt,17,78891
593,Christopher Knight,Mendozachester,7,268475
594,Erika Coleman,South Javier,32,235676
595,David Martinez,Cathyville,22,300894
596,Elizabeth Graves,Markton,13,85591
597,Hannah Barrett,Shawnfort,37,421218
598,Timothy Pham,North Nicholas,27,133659
599,Alex Ortiz,Sandrachester,10,214969
600,Jenny Cole,Davidtown,23,132173
601,Terri Merritt,Port Michaelchester,15,376698
602,Alison Hoffman,Shariland,36,137951
603,Heather Rice,Vaughantown,10,495756
604,Jason Lawrence,Franklinbury,26,417137
605,Daniel Barber,East Samueltown,39,95315
606,Carlos Summers,Lynchland,11,105913
607,Michael Garcia,Brayland,36,386714
608,Sarah Reed,Gloverview,21,291971
609,Alexander Ray,Maryborough,33,141872
610,Vanessa Gilmore,Wilsonborough,13,93912
611,Sarah Dunn,Brownstad,6,230538
612,David Nielsen,Michaelton,28,103248
613,David Garcia,West Daniel,28,346075
614,Nathan Johnson,Kellymouth,2,16886
615,Jennifer Hayes,Elizabethton,19,469280
616,Joseph Williams,East Tracy,36,427476
617,Samuel Owens,Conniefort,7,455714
618,Brad Wood,South Sarahborough,14,142069
619,Brian Willis,Johnsonchester,13,349778
620,Tiffany Hudson,Danielfurt,32,98643
621,Micheal Woodward,Wendymouth,3,111825
622,Ryan Cox,Port Beverly,26,267511
623,Tammy Stevenson,Smithside,6,412442
624,Brian Campbell,Jacquelineville,31,165220
625,Benjamin Murray,Holtmouth,27,151585
626,Brett Gibson,Lake Jason,21,239101
627,Timothy Maldonado,New Sandramouth,28,402928
628,Gary Khan,Lake Amy,33,43284
629,Madison Crawford,Gibsonfort,26,230774
630,Paul Harris,East Jonhaven,27,474734
631,Dawn Hill,West Michaelview,22,121700
632,Amy West,North Kelsey,11,243802
633,Brett Williams,Benjaminville,28,294935
634,Daniel Garrett,Jordanland,23,416649
635,Lisa Davis,Andrewmouth,2,23646
636,Crystal Davis,Hoffmanburgh,40,43936
637,Edward Warren,Katherinebury,37,100798
638,Lori Martin,New Katherine,36,468495
639,Steven Fuentes,New Latasha,13,183152
640,Larry Smith,West Mariaview,3,141382
641,Frank Bishop,Scottburgh,31,249435
642,Matthew Ward,Emmaview,13,462101
643,Brandy Park,Hortonberg,8,370444
644,Brittany Grant,Sandersshire,9,303747
645,Mary Martin,Port Susanton,35,85686
646,Beth Zhang,West Tamiborough,16,259165
647,Angela Lee,North Charlesburgh,11,89949
648,David White,Hillmouth,16,347310
649,Nicole Rodriguez,Maryburgh,7,495242
650,Tammy Gill,Port Joseph,20,95888
651,Jessica Ramsey,Matthewstad,12,336142
652,Molly Baker,North Mitchell,21,149548
653,Jeffrey Ortiz,Anthonyberg,34,467481
654,Stephanie Coleman,Henryport,19,360984
655,John Turner,North Jeffrey,16,302578
656,Theodore Gonzales,Thomasport,9,137655
657,Antonio Vang,South Denise,15,198654
658,Jeffrey Morgan,Port Kristychester,18,62456
659,Wendy Lam,Hutchinsonfort,35,347121
660,Christine Patel,West Triciafurt,10,335397
661,Steven Davis,Alyssatown,19,459984
662,Ryan Morris,North Ashley,37,456893
663,Amber Montgomery,East Elizabeth,19,302545
664,Mrs. Shari Mosley DVM,New James,2,30647
665,Kaitlyn Burgess,Ramosberg,23,40057
666,Zachary Donaldson,Dannyland,2,453058
667,Elizabeth Lambert,West Nicoleside,15,482549
668,William Gray,West Nathanieltown,3,304460
669,Adrian Spencer,Lake Debra,15,46452
670,Laura Williams,Port Deborahside,38,393909
671,Edward Byrd,North Tiffanyburgh,1,157169
672,Nathan Willis,East Pamela,30,296850
673,Paul Wade,West Frederickshire,25,347423
674,Alexis Ingram,South Sherry,37,483133
675,Elizabeth Thomas,Davenportberg,15,467599
676,Michael Robinson,West Dana,17,297036
677,Janet Ramirez,East Rickyfort,23,288199
678,Miguel Nguyen,Keyville,6,196901
679,Gary Barton,Keithmouth,10,250367
680,Brian Shannon,Hollyton,29,46335
681,Angela Velasquez,Andersonberg,20,278723
682,Chad Bryant,Cannontown,30,37654
683,Daniel Powell,Emilystad,27,274574
684,Anthony Snyder,South Shannonshire,5,493677
685,April Larsen,Christinashire,4,144910
686,Traci Ballard,West Sarah,6,338549
687,Sara Grant,West Juanview,14,181168
688,Glenn Miller,New Lindsey,14,284137
689,Ms. Natalie Fowler,Brittanystad,32,402232
690,Caroline Cameron,Mclaughlinfort,32,12098
691,Stephanie Kennedy,Johnstad,30,494595
692,Allison Robinson,Hughesmouth,1,175096
693,David Jones,Justinton,27,148577
694,Ronald Jones,Anaton,1,46786
695,Robert Ferguson,Markview,10,418936
696,Christopher Martinez,North Vanessa,29,311467
697,Brittney Dixon,South Rachelfort,37,381108
698,Becky Reid,West Brettberg,22,464060
699,Mary Hopkins,Simmonsstad,12,96660
700,Michael Hoffman,Robertton,33,213592
701,Michelle Hunt MD,South Carl,31,17085
702,Heather Hardin,Nicholasport,29,351943
703,Autumn Diaz,Port Diana,28,16973
704,Samantha Carrillo,Cardenasport,14,181849
705,Rhonda Fernandez,Petersonhaven,38,193497
706,Mariah Hansen,Cooperview,18,65643
707,Joshua Jimenez,Carterland,1,317764
708,Austin Campbell,Lake Jennifer,20,99773
709,Heidi Jones,North Nataliemouth,9,496117
710,Sara Vargas,Ronaldton,15,119129
711,Nicole Foster,Wellsland,24,448231
712,Ryan Price,South Jessica,37,112453
713,Vanessa Miller,Alexanderfurt,40,148831
714,Gabriel Flowers,Kennethchester,32,341979
715,Derrick Rose,West Alison,25,352783
716,Mark Tucker,Fishermouth,22,329681
717,Casey Walsh,New Cory,8,200148
718,Melissa Frank,Port Cynthia,7,286784
719,Keith Nguyen,East Anthonyberg,20,316123
720,Brian Young,East Maryshire,10,483419
721,Tracey Burton,Lake Jamesshire,30,492360
722,Ashley Love,East Rickyfort,31,271003
723,Timothy Stewart,West Rickburgh,2,486820
724,Colleen Dixon,Charlesburgh,15,318999
725,Matthew Sanchez,Port Stephanie,13,180674
726,Ryan Lewis,East Samantha,39,268745
727,Mason Vega,East Sheilaville,29,169634
728,Martha Thompson,North Nancy,6,438040
729,Antonio Campos,Lake Jacobborough,32,302846
730,Adam Lawson,Lake Marymouth,30,28144
731,Danielle Arnold,Tinastad,9,107662
732,Sarah Gardner,North Jacqueline,23,472422
733,Joe Ashley,South Ericstad,33,96226
734,Ryan Wilson,East Jacobland,8,143285
735,Kimberly Wolfe,Lindsayfort,23,357505
736,Steven Lee,West Williamville,18,168213
737,April Ray,East Edgarburgh,37,391711
738,Shirley Kelley,West Amber,7,220853
739,Nancy Gonzalez,Michaelside,27,135977
740,Phillip Ortega,Taylorton,20,238763
741,Tyler Le IV,Stephensstad,20,75748
742,Alison Chan,Margaretberg,36,465893
743,Patricia Hunter,Whitechester,35,18820
744,Martin Miller,Ashleyhaven,9,117635
745,Gregory White,New Don,38,112414
746,Donald Harris,Rachelton,9,117208
747,Morgan Richard,Samanthachester,20,374794
748,Mr. George Johnson Jr.,East Maryshire,36,214878
749,Victoria Caldwell,East Christineside,12,362227
750,Mark Martinez,Kimberlyview,14,468886
751,David King,East Adamtown,29,30386
752,Joshua Krause,West Juan,31,353579
753,Claudia Coleman,Lake Ricky,11,69114
754,Sarah Perez,Timothyborough,30,176195
755,Joseph Martinez,Rebeccabury,12,479322
756,Christine Riley,East Diane,26,499593
757,Melanie Smith,North Patrick,32,240709
758,Alan Flores,West Hannahchester,25,231855
759,Matthew Hess,Mcdonaldmouth,13,282238
760,Anna Mosley MD,Lake Thomas,10,207270
761,Jose Bryant,Martinberg,31,17556
762,Hailey Green,Port Andrewmouth,12,154386
763,Ashley Ramirez,Jessicaview,14,444352
764,Jessica Reynolds,South Cassandraland,30,288043
765,Douglas Fuller,Simpsonborough,40,257934
766,David Johnson,Thomasport,22,255074
767,Brian Newman,Bradleyland,37,324488
768,Justin Henry,North Paula,36,403243
769,Tyler Hunt,Mckeefurt,11,481045
770,Troy Walters,East Brittney,20,465237
771,Margaret Daniels,South Samuelland,19,306016
772,Kendra Wilson,Martintown,11,289846
773,Brianna Deleon,Jasonland,30,136029
774,Bryan Jackson,Heatherport,27,382997
775,Autumn Landry,Lake Emilyborough,18,93914
776,Lauren Williams,Rebeccaberg,17,205310
777,Mary Martinez,Kathleenmouth,35,358126
778,Michael Warner,North Ericberg,33,293139
779,Rebecca Collins,Howeburgh,32,281009
780,James Zhang,Aarontown,39,159093
781,David Jackson,Jacquelineshire,13,449721
782,Scott Clayton,Greggville,22,420237
783,Mr. Trevor Jimenez,Brownville,33,124068
784,James Stone,North Emilystad,28,223276
785,James Martinez,Griffithmouth,34,49705
786,Ryan Perry,Robinsonfort,16,254536
787,Susan Herrera,West Alyssa,8,438565
788,Dr. Charles Davis,Port Lauraside,22,106984
789,Ricardo Poole,North Aaronstad,33,260371
790,Tiffany Coleman,Sandraview,9,26482
791,Heather Miller,Rachelborough,19,483106
792,Brandon Pham,Lake Pamela,14,459025
793,Kristen Sanchez,West Williamshire,19,78089
794,Donald Lopez,North Loretta,20,315367
795,Jenny Brandt,East Jasminefurt,28,73955
796,Jacqueline Gross,North Jeffrey,17,266568
797,Paula Gonzales,North Alex,27,420563
798,Max Freeman,East Susanborough,13,313642
799,Sara Horne,Lake Ashley,12,303409
800,Mrs. Linda Roach,South Carlosport,33,194094
801,Douglas Colon,Zacharyfort,19,435630
802,Joseph White,Yatesport,11,472171
803,Mark Buck,South Peterland,11,143721
804,Kenneth Allen,Oconnorton,1,29659
805,Shannon Bryan,Cynthiashire,29,114883
806,James Mejia,New Sandra,34,239645
807,Diane Lopez,Bridgesville,33,475891
808,Emily Mitchell,Kirkland,23,71652
809,Andrew Weber,Port Jamie,17,459075
810,Melissa Hernandez,Montesburgh,23,481820
811,Kenneth Johnson,Brianland,39,166738
812,Charles Trevino,Stonestad,28,52897
813,James Sanchez,South Angel,12,293714
814,Joseph Garner,Robertsonbury,16,311864
815,Gregory Pacheco,Port Allison,36,124471
816,Kurt Rose,North Nicholasborough,1,296628
817,Aaron Powell,Leeport,14,17135
818,Michael Bass,Youngborough,34,436475
819,Lisa Daniels,East Justin,30,343201
820,Rebecca Wallace,Richardsonview,11,424866
821,Rodney Rhodes,Taraberg,12,283873
822,Gregory White,South Ashley,16,77656
823,Emily Patel,Garyfort,4,23047
824,Lori Sutton,Hansonside,24,381103
825,Sean Briggs,Cindyport,22,232012
826,Lance Farley,Smithfort,37,333539
827,Christine Collins,Loganbury,16,58745
828,Ronald Fisher,Nealmouth,3,18764
829,Andrea Williams,West Michael,5,183488
830,Martha Holt,Lake Michael,32,40453
831,Diane Braun,West Ashleyhaven,28,325474
832,Dr. Jennifer Cruz MD,Lake Grant,38,128491
833,Michael Mooney,South Johnstad,6,448655
834,Julia Wagner,West Kaylamouth,30,68810
835,Tammy Grant DVM,West Allisonshire,16,483827
836,Desiree Perkins,Andersonshire,33,291252
837,Christine Torres,Shannonfurt,1,434790
838,David Austin,Lake Davidburgh,22,474144
839,Craig Barnett,Lamburgh,20,332476
840,Stephen Robinson,Pooleton,28,208024
841,Amanda Elliott,East John,35,128506
842,Michael Rivera,Johnsonshire,29,360105
843,Cindy Yates,North Stephanie,20,101335
844,Lisa Hardy,East Shannon,30,164432
845,William Snyder,Jamieville,5,392089
846,Jaclyn Morris,Lake Jennifer,11,282717
847,Sabrina Lee,West Brian,17,120625
848,Michaela Smith,Aguirremouth,1,133895
849,Robert Pennington,Heatherhaven,34,81622
850,Margaret Kaiser,Madisonhaven,12,346699
851,Donna Waller,Susanborough,20,408071
852,Dakota Reyes,Lake Kimberly,7,308363
853,Barry Ramos,Danamouth,26,29456
854,Juan Evans,Morrisshire,40,385983
855,Sean Palmer,West Christina,2,184948
856,Tammy Scott,New Destiny,17,227883
857,Seth Pierce,North Bradfort,28,51834
858,Dr. Lori Miller,Paceside,29,22339
859,Jose Lopez,Lake Robert,39,112883
860,Karla Stevenson,West Matthewtown,4,253978
861,Jessica Perez,Richardchester,11,18729
862,Christian Bradley,North Marc,12,328573
863,Kelly Cook,Robinsonmouth,22,381840
864,Robert Pope,Thomasville,39,461333
865,Drew Stephens,Port Sarah,16,347781
866,Grace Shaffer,Cisnerosshire,37,214671
867,Hailey Ho,Garciamouth,21,105959
868,Jill Sandoval,Petersenport,34,250814
869,Franklin Edwards,Davidborough,3,229978
870,Paula Peterson,Nelsonbury,36,40733
871,Tyler Mccarthy,Petermouth,37,437674
872,Logan Frazier,Alexanderton,39,81229
873,Caroline Carr,Port Aprilfort,5,262486
874,Hannah Jensen,South Julieview,19,185731
875,Shelly Spencer,North Jasonfort,31,398567
876,Victor Smith,Johnsonfurt,32,428213
877,April Wiggins,Jamesville,32,37440
878,Amber Chang,Port Tara,2,312402
879,Jeffrey Diaz,Jonesfurt,22,189063
880,Scott Tucker,South Phillip,26,201264
881,Morgan Allen,Reedchester,18,449206
882,Jessica Boyer,Danaburgh,10,433493
883,Mary Gilmore,Timothyfort,9,406111
884,Lauren Wong,Port Roberto,38,135751
885,Stephen Cooper,North Christinamouth,3,241618
886,Jo Lawson,East Lauraton,27,405633
887,Matthew Thomas,Matthewstad,4,464953
888,Jessica Dunn,Port Davidburgh,11,362022
889,Xavier Zavala,West Markmouth,9,108224
890,Jose Armstrong,East Ginaton,6,407514
891,Mr. Frank Lewis,South Rhonda,26,119844
892,Carol Taylor,Danielburgh,35,26229
893,Roger Jones,Port Julie,30,283094
894,Mr. Frank Allen,Judithfurt,34,262318
895,Anna Brown,Oconnorstad,38,397226
896,Mason Nolan,Port Susanview,22,446874
897,Richard Watson,Jessicahaven,15,93932
898,Tom Morgan,Stephanieburgh,31,238983
899,Timothy Monroe,Anthonybury,31,207206
900,Justin Griffin,Saundersfort,12,288142
901,Joshua Brown,South Natalie,33,164952
902,Elaine Smith,Franklinborough,7,337021
903,Jill Moore,North Jessicafurt,37,112786
904,Craig Taylor,East Steven,3,389598
905,Travis Norton,Jamestown,31,145049
906,Joseph Snyder,Amyton,40,77315
907,Todd Doyle,East Dylan,13,408316
908,Jason Garcia,Lake Ericborough,39,481591
909,Cheyenne Bell,Randyton,16,365089
910,Kimberly Flores,Sarahborough,26,394257
911,Jonathan Hughes,Port Sherryburgh,13,145545
912,Ashley Thomas,Tammybury,27,83072
913,Jonathan Mcfarland,Port Russellstad,6,465441
914,Joseph Ortiz,East Chadmouth,8,461488
915,Todd Drake,Anthonyside,35,36112
916,Daniel Murphy,Peckchester,30,126040
917,Holly Baker,Justinborough,32,101174
918,Peggy Russo,Patriciafurt,18,246331
919,Stephanie Edwards,East Laurenborough,10,338283
920,Billy Sharp,Coxburgh,32,83799
921,Sarah Swanson,Buckfort,15,312775
922,Jake Copeland,Erinbury,9,26838
923,Margaret Li,East Donald,22,330289
924,Amy Wilson,New Jaredbury,3,55729
925,Amanda Torres,Dianefurt,25,396548
926,Linda Adams,Lake Gina,15,293263
927,Jon Shea,West Thomas,20,368358
928,Sarah Davis,Collierton,39,227289
929,Ronald Jones,South Amandaland,14,257711
930,Caitlin Lopez,Port Patrick,22,65814
931,Sara Barnes,Foxfurt,36,428175
932,Andrew Parker,South Melanie,14,465123
933,Jasmine Sanders,Saramouth,20,151414
934,Patrick Diaz,West Jenniferview,12,155091
935,Thomas Donaldson,Lake Stephanieshire,12,189622
936,William Ramsey,Port Jesse,7,283198
937,Courtney Hodges,West Melissa,13,371287
938,Lisa Smith MD,North Joycebury,30,241036
939,John Shaffer,Petersland,30,269642
940,Stephanie Reed,Lake Andrew,24,17500
941,Sarah Hawkins,Gregoryshire,22,204666
942,Rebecca Bautista,Joannemouth,18,249209
943,David Ward,North Amandafurt,27,355402
944,Michael Singh,New Tammy,26,17796
945,Angela Foster,South Sheilaberg,6,232934
946,Monica Pugh,Jonesside,15,295298
947,Philip Chapman,Anthonyville,7,424068
948,Michelle Johnson,Bellburgh,4,78934
949,Darren Gardner,Daviston,37,454360
950,James Perez,Melissamouth,23,72586
951,Shawn Taylor,Paulstad,29,107879
952,Susan Turner,East Jacobfurt,26,353026
953,Andrew Blake,Jennifermouth,36,257616
954,Angela Moss,New Sabrina,18,125552
955,David Reed,Willishaven,8,459243
956,Alyssa Andrews,Singhfort,38,380898
957,Laura Wilson,West Barbaraland,40,402838
958,Melissa Ramirez,Graychester,14,269223
959,Nancy Harvey,Andersonville,26,137135
960,Blake Howard,East Stephanie,16,401661
961,Johnny Underwood,New Natashatown,18,49731
962,Jonathan Phillips,Adamborough,37,455238
963,Kimberly Harrell,Duffyborough,4,174670
964,Ronald Robinson,East Marcus,33,225078
965,Lisa Pollard,Jacobbury,13,282081
966,Victoria Thompson,New Christyberg,40,249436
967,Brian Jones,North Brandon,37,335571
968,Shawn Heath,Port Andrea,39,124063
969,Adam Johnson,Lake Angela,27,84505
970,Jasmine Castro,Aprilport,6,494157
971,Shawna Parks,East Bradleyburgh,27,476225
972,Ian Wolf,Josestad,38,76827
973,Stephen Vincent,New Ronnie,28,171659
974,Mary Martin,East Adamland,37,348236
975,Jeremiah Williams,East Patrickton,7,311765
976,Patrick Warren,South Christinaton,2,120180
977,Mitchell Martinez,West Tammy,12,104061
978,Connor Choi,Lynnstad,9,18469
979,Teresa Diaz,South Joseph,18,158371
980,Johnny Jones,Amandamouth,37,24466
981,Marcus Jones,Douglasland,5,54764
982,Robert Shields,Hensonborough,17,236039
983,Michael Hansen,Heatherberg,4,94893
984,Diana Moore,South John,23,345398
985,Victoria Mendoza,Rodriguezfurt,20,314310
986,Gabrielle Carroll,Scottstad,4,413704
987,David Turner,South Cristina,33,272359
988,Jeffrey Freeman,Palmershire,34,303323
989,David Young,Lake Brookeport,14,307787
990,David Hall,Steeleland,7,59704
991,Nicole Mendez,Lake Andreamouth,20,34369
992,Andrew Wiley,North Michelleview,5,437343
993,Mr. Bernard Ramirez,North Crystalstad,37,257560
994,Terry Rose,Lauramouth,26,177263
995,Dorothy Booker,Valerieshire,40,177140
996,Robert Baker,New Alfredhaven,7,469177
997,Stacy Green,West Timothy,4,40801
998,Elizabeth Hill,Kingburgh,29,99497
999,Kathy Kelley,Campbelltown,4,159452
1000,Ryan Hernandez,Michellestad,28,35928
